[
  {
    "number": "+918985887641",
    "location": "India",
    "risk": 10,
    "fraud": false
  },
  {
    "number": "+919966144030",
    "location": "India",
    "risk": 15,
    "fraud": false
  },
  {
    "number": "+919000261976",
    "location": "India",
    "risk": 10,
    "fraud": false
  },
  {
    "number": "+918919454392",
    "location": "India",
    "risk": 5,
    "fraud": false
  },
  {
    "number": "+919959002649",
    "location": "India",
    "risk": 16,
    "fraud": false
  },
  {
    "number": "+919848986099",
    "location": "India",
    "risk": 30,
    "fraud": false
  },
  {
    "number": "+918688336770",
    "location": "India",
    "risk": 20,
    "fraud": false
  },
  {
    "number": "+917893806887",
    "location": "India",
    "risk": 10,
    "fraud": false
  }
]